source_branch,observation_id,observation_type,category,title,risk_sensitivity,referred_to,issue_date,coso_components,coso_levels
"LMA 11-FCC Gulberg, Lahore",1.1,Repeated,"Branch Imprest, Payments & Accounts",Expenditure Exceeded the Budgeted Amount,L to M,BH,"28 April, 2025",,
"LMA 11-FCC Gulberg, Lahore",1.2,Repeated,"Branch Imprest, Payments & Accounts",Budget for Student Expenditure Remained Unutilized,M to H,BH,"28 April, 2025",,
"LMA 11-FCC Gulberg, Lahore",1.3,Repeated,"Branch Imprest, Payments & Accounts",Accounting Procedure not Followed,M to H,BH,"28 April, 2025",,
"LMA 11-FCC Gulberg, Lahore",1.4,Repeated,"Branch Imprest, Payments & Accounts",Purchase Committee not Properly Functioning,M to H,BH,"28 April, 2025",,
"LMA 11-FCC Gulberg, Lahore",1.5,Repeated,"Branch Imprest, Payments & Accounts",Withholding Tax Deposited with Delay,Low,BH,"28 April, 2025",,
"LMA 11-FCC Gulberg, Lahore",1.6,Repeated,"Branch Imprest, Payments & Accounts",Reimbursements not Timely Processed by RO,L to M,RO,"28 April, 2025",,
"LMA 11-FCC Gulberg, Lahore",1.7,Repeated,Cash and Bank,Cash in Hand Exceeded the Prescribed Limit,L to M,BH,"28 April, 2025",,
"LMA 11-FCC Gulberg, Lahore",1.8,Repeated,Cash and Bank,Cheque Numbers not Recorded in the Bank Payment Vouchers,Low,BH,"28 April, 2025",,
"LMA 11-FCC Gulberg, Lahore",1.9,Repeated,"Recruitment, Payroll & Employee Record",Missing Approval for Blood Relatives & Related Family Members,M to H,BH,"28 April, 2025",,
"LMA 11-FCC Gulberg, Lahore",1.10,Repeated,"Recruitment, Payroll & Employee Record",Delay in Employee Confirmations,L to M,BH,"28 April, 2025",,
"LMA 11-FCC Gulberg, Lahore",1.11,Repeated,"Recruitment, Payroll & Employee Record",Outgoing Attendance not Marked by Staff,M to H,BH,"28 April, 2025",,
"LMA 11-FCC Gulberg, Lahore",1.12,Repeated,"Recruitment, Payroll & Employee Record",Short Office Hours,M to H,BH,"28 April, 2025",,
"LMA 11-FCC Gulberg, Lahore",1.13,Repeated,"Recruitment, Payroll & Employee Record",Salary paid through Branch Bank Account,L to M,BH,"28 April, 2025",,
"LMA 11-FCC Gulberg, Lahore",1.14,Repeated,"Recruitment, Payroll & Employee Record",Delay in Final Settlement Cases,M to H,RO & BH,"28 April, 2025",,
"LMA 11-FCC Gulberg, Lahore",1.15,Repeated,"Recruitment, Payroll & Employee Record",Delay in Providing Livery Items,L to M,BH,"28 April, 2025",,
"LMA 11-FCC Gulberg, Lahore",1.16,Repeated,"Recruitment, Payroll & Employee Record",Incomplete Employees’ Files,L to M,BH,"28 April, 2025",,
"LMA 11-FCC Gulberg, Lahore",1.17,Repeated,Student Record,Registration Fee Deposited with Delay,M to H,BH,"28 April, 2025",,
"LMA 11-FCC Gulberg, Lahore",1.18,Repeated,Student Record,Incomplete / Wrong Student Information in BEAMS,L to M,BH,"28 April, 2025",,
"LMA 11-FCC Gulberg, Lahore",1.19,Repeated,Student Record,Incomplete Student Files,M to H,BH,"28 April, 2025",,
"LMA 11-FCC Gulberg, Lahore",1.20,Repeated,Student Record,Files of Transferred-In Students not Available,L to M,BH,"28 April, 2025",,
"LMA 11-FCC Gulberg, Lahore",1.21,Repeated,Fixed Assets,Untraced Assets,M to H,RO,"28 April, 2025",,
"LMA 11-FCC Gulberg, Lahore",1.22,Repeated,Fixed Assets,Out of Order Assets,L to M,BH,"28 April, 2025",,
"LMA 11-FCC Gulberg, Lahore",1.23,Repeated,Fixed Assets,Un-Matched Assets Found in Branch,M to H,BH,"28 April, 2025",,
"LMA 11-FCC Gulberg, Lahore",1.24,Repeated,Fixed Assets,Un-Numbered Assets,M to H,BH,"28 April, 2025",,
"LMA 11-FCC Gulberg, Lahore",1.25,Repeated,Fixed Assets,Same Codes Affixed to Two Fixed Assets,L to M,BH,"28 April, 2025",,
"LMA 11-FCC Gulberg, Lahore",1.26,Repeated,Fixed Assets,List of Landlord Assets not Available,L to M,BH,"28 April, 2025",,
"LMA 11-FCC Gulberg, Lahore",1.27,Repeated,Library,High Item Per Child Book Ratio in Library,L to M,BH,"28 April, 2025",,
"LMA 11-FCC Gulberg, Lahore",1.28,Repeated,Others,Document Tracking Sheet not in Practice,Low,BH,"28 April, 2025",,
"LMA 11-FCC Gulberg, Lahore",1.29,Repeated,Others,Validated Paint Area Measurements (Verified by RO) not Available,L to M,BH,"28 April, 2025",,
"LMA 11-FCC Gulberg, Lahore",2.1,New,"Branch Imprest, Payments & Accounts",Splitting of Transaction to Bypass Company Policies,High,BH,"28 April, 2025",,
"LMA 11-FCC Gulberg, Lahore",2.2,New,"Branch Imprest, Payments & Accounts",Procurement at Higher Rates than Market Rates,High,BH,"28 April, 2025",,
"LMA 11-FCC Gulberg, Lahore",2.3,New,"Branch Imprest, Payments & Accounts",Vendors Registration not Properly Performed,L to M,BH,"28 April, 2025",,
"LMA 11-FCC Gulberg, Lahore",2.4,New,"Branch Imprest, Payments & Accounts",Periodic Evaluation of Registered Vendors not Performed,L to M,BH,"28 April, 2025",,
"LMA 11-FCC Gulberg, Lahore",2.5,New,"Branch Imprest, Payments & Accounts",Incongruities in Preparation & Filing of Purchase Orders,Low,BH,"28 April, 2025",,
"LMA 11-FCC Gulberg, Lahore",2.6,New,"Branch Imprest, Payments & Accounts",Copy of Cheques not Properly Attached with Voucher,L to M,BH,"28 April, 2025",,
"LMA 11-FCC Gulberg, Lahore",2.7,New,"Branch Imprest, Payments & Accounts",Receiving of Cheque not Properly Obtained,M to H,BH,"28 April, 2025",,
"LMA 11-FCC Gulberg, Lahore",2.8,New,"Branch Imprest, Payments & Accounts",Transactions not Routed Through Vendor Ledger,L to M,BH,"28 April, 2025",,
"LMA 11-FCC Gulberg, Lahore",2.9,New,Cash and Bank,Discrepancies in Cash Collection Activities,High,BH,"28 April, 2025",,
"LMA 11-FCC Gulberg, Lahore",2.10,New,Cash and Bank,Balance of Bank Ledger Negative at Day End,Low,BH,"28 April, 2025",,
"LMA 11-FCC Gulberg, Lahore",2.11,New,"Recruitment, Payroll & Employee Record","Employee File of Accounts Staff, SM in Branch",L to M,BH,"28 April, 2025",,
"LMA 11-FCC Gulberg, Lahore",2.12,New,"Recruitment, Payroll & Employee Record",Incomplete / Wrong Employee Information in BEAMS,L to M,BH,"28 April, 2025",,
"LMA 11-FCC Gulberg, Lahore",2.13,New,"Recruitment, Payroll & Employee Record",Reference Check by HR not in Practice,M to H,RO,"28 April, 2025",,
"LMA 11-FCC Gulberg, Lahore",2.14,New,"Recruitment, Payroll & Employee Record",Security Reference Check not in Practice,M to H,RO,"28 April, 2025",,
"LMA 11-FCC Gulberg, Lahore",2.15,New,"Recruitment, Payroll & Employee Record",EOBI Numbers not Appearing in BEAMS (Basic Info Report),Low,BH,"28 April, 2025",,
"LMA 11-FCC Gulberg, Lahore",2.16,New,"Recruitment, Payroll & Employee Record",“Outstation” Claimed for Personal Works,M to H,BH,"28 April, 2025",,
"LMA 11-FCC Gulberg, Lahore",2.17,New,"Recruitment, Payroll & Employee Record",Social Security Cards Copy not Filed,Low,BH,"28 April, 2025",,
"LMA 11-FCC Gulberg, Lahore",2.18,New,"Recruitment, Payroll & Employee Record",Social Security Card Number not Updated in BEAMS,Low,BH,"28 April, 2025",,
"LMA 11-FCC Gulberg, Lahore",2.19,New,"Recruitment, Payroll & Employee Record",Reports in BEAMS not Matched,Low,BH,"28 April, 2025",,
"LMA 11-FCC Gulberg, Lahore",2.20,New,"Recruitment, Payroll & Employee Record",Copy of Handing/Taking over of Branch Head not Available,L to M,RO,"28 April, 2025",,
"LMA 11-FCC Gulberg, Lahore",2.21,New,"Recruitment, Payroll & Employee Record",Early Confirmation of Employee,Low,BH,"28 April, 2025",,
"LMA 11-FCC Gulberg, Lahore",2.22,New,"Recruitment, Payroll & Employee Record",Handing/Taking Over of PRO not Conducted,M to H,RO,"28 April, 2025",,
"LMA 11-FCC Gulberg, Lahore",2.23,New,Student Record,Anomalies in Registration Fee Deposit,M to H,BH,"28 April, 2025",,
"LMA 11-FCC Gulberg, Lahore",2.24,New,Student Record,Discrepancies in Registration Receipts and Related Record,M to H,BH,"28 April, 2025",,
"LMA 11-FCC Gulberg, Lahore",2.25,New,Student Record,Registration Fee Collected Without Issuing Registration Receipt,M to H,BH,"28 April, 2025",,
"LMA 11-FCC Gulberg, Lahore",2.26,New,Student Record,Unclaimed Student Security,Low,RO,"28 April, 2025",,
"LMA 11-FCC Gulberg, Lahore",2.27,New,Student Record,Security Refund Report not Generated from ISM/BEAMS,L to M,RO,"28 April, 2025",,
"LMA 11-FCC Gulberg, Lahore",2.28,New,Student Record,Files of Transferred-Out Students not Sent,L to M,BH,"28 April, 2025",,
"LMA 11-FCC Gulberg, Lahore",2.29,New,Student Record,Fee Concession Approvals not Properly Filed,M to H,BH,"28 April, 2025",,
"LMA 11-FCC Gulberg, Lahore",2.30,New,Student Record,Registration Receipts with Exempt/Reduce Fee not Available,L to M,BH,"28 April, 2025",,
"LMA 11-FCC Gulberg, Lahore",2.31,New,Fixed Assets,Physical Verification Report not Available,M to H,BH,"28 April, 2025",,
"LMA 11-FCC Gulberg, Lahore",2.32,New,Fixed Assets,Aspects of Assets not Mentioned in Fixed Asset Register,L to M,RO,"28 April, 2025",,
"LMA 11-FCC Gulberg, Lahore",2.33,New,Fixed Assets,Discrepancies in FA Register Columns,L to M,RO,"28 April, 2025",,
"LMA 11-FCC Gulberg, Lahore",2.34,New,Library,Delay in Return of Books,L to M,BH,"28 April, 2025",,
"LMA 11-FCC Gulberg, Lahore",2.35,New,Library,Discrepancy in Cost of Books (Main Accession Register),M to H,BH,"28 April, 2025",,
"LMA 11-FCC Gulberg, Lahore",2.36,New,Library,Incomplete/Wrong Data Entry in KOHA,L to M,BH,"28 April, 2025",,
"LMA 11-FCC Gulberg, Lahore",2.37,New,Library,Transfer of Books not Processed in KOHA,M to H,BH,"28 April, 2025",,
"LMA 11-FCC Gulberg, Lahore",2.38,New,Library,Disposal of Books not Processed,M to H,BH,"28 April, 2025",,
"LMA 11-FCC Gulberg, Lahore",2.39,New,Library,Record for Library not Properly Maintained,L to M,BH,"28 April, 2025",,
"LMA 11-FCC Gulberg, Lahore",2.40,New,Library,Double Stacking of Books,Low,BH,"28 April, 2025",,
"LMA 11-FCC Gulberg, Lahore",2.41,New,Safety & Security,Guards Strength Approved Copy not Available,L to M,RO,"28 April, 2025",,
"LMA 11-FCC Gulberg, Lahore",2.42,New,Safety & Security,Unsecured Control Room/Security Room,M to H,BH,"28 April, 2025",,
"LMA 11-FCC Gulberg, Lahore",2.43,New,Safety & Security,Improper Maintenance (Walkthrough Gate and Metal Detectors),M to H,BH,"28 April, 2025",,
"LMA 11-FCC Gulberg, Lahore",2.44,New,Safety & Security,Discrepancies in School Security,M to H,BH,"28 April, 2025",,
"LMA 11-FCC Gulberg, Lahore",2.45,New,Others,Discrepancies in Memorandum Registers,L to M,BH,"28 April, 2025",,
"LMA 11-FCC Gulberg, Lahore",2.46,New,Others,Inward Gate Pass not in Practice,M to H,BH,"28 April, 2025",,
"LMA 11-FCC Gulberg, Lahore",2.47,New,Others,Fuel Average Monitoring not Conducted,M to H,BH,"28 April, 2025",,
"LMA 11-FCC Gulberg, Lahore",2.48,New,Others,Generator Log Book not Properly Maintained,L to M,BH,"28 April, 2025",,
"LMA 11-FCC Gulberg, Lahore",2.49,New,Others,Demolition Register not Prepared,L to M,BH,"28 April, 2025",,
"LMA 11-FCC Gulberg, Lahore",2.50,New,Others,Branch Related Contracts (Generator) not Available,M to H,BH,"28 April, 2025",,
"LMA 11-FCC Gulberg, Lahore",2.51,New,Others,Discrepancies in Daycare Facility at School,M to H,BH,"28 April, 2025",,
"17- G Model Town Campus, Lahore",1.1,Repeated,"Branch Imprest, Payments & Accounts",Expenditure Exceeded the Budgeted Amount,L to M,BH,"21 February, 2026",,
"17- G Model Town Campus, Lahore",1.2,Repeated,"Branch Imprest, Payments & Accounts",Delayed Reimbursement of Claims by RO,M to H,RH,"21 February, 2026",,
"17- G Model Town Campus, Lahore",1.3,Repeated,"Branch Imprest, Payments & Accounts",Delay in Deposit of Withholding Tax,M to H,BH,"21 February, 2026",,
"17- G Model Town Campus, Lahore",1.4,Repeated,"Branch Imprest, Payments & Accounts",Vendors Registration Forms were not Found,L to M,BH,"21 February, 2026",,
"17- G Model Town Campus, Lahore",1.5,Repeated,"Branch Imprest, Payments & Accounts",Quotations Avoided by Splitting the Activity,M to H,BH,"21 February, 2026",,
"17- G Model Town Campus, Lahore",1.6,Repeated,"Branch Imprest, Payments & Accounts",Discrepancy in Photocopier Expenses,M to H,BH,"21 February, 2026",,
"17- G Model Town Campus, Lahore",1.7,Repeated,Cash and Bank,Negative Balance of Cash Account,L to M,BH,"21 February, 2026",,
"17- G Model Town Campus, Lahore",1.8,Repeated,Cash and Bank,Cash in Hand Exceeded the Prescribed Limit,L to M,BH,"21 February, 2026",,
"17- G Model Town Campus, Lahore",1.9,Repeated,"Recruitment, Payroll & Employee Record",Livery Items Provided with Delays,Low,BH,"21 February, 2026",,
"17- G Model Town Campus, Lahore",1.10,Repeated,"Recruitment, Payroll & Employee Record",Incomplete Employees’ Files,L to M,BH,"21 February, 2026",,
"17- G Model Town Campus, Lahore",1.11,Repeated,Student Record,Registration Fee Deposited with Delay,L to M,BH,"21 February, 2026",,
"17- G Model Town Campus, Lahore",1.12,Repeated,Student Record,In-complete Student Files,L to M,BH,"21 February, 2026",,
"17- G Model Town Campus, Lahore",1.13,Repeated,Fixed Assets,Out of Order Assets Found in Branch,L to M,BH,"21 February, 2026",,
"17- G Model Town Campus, Lahore",1.14,Repeated,Fixed Assets,Shortcomings in Memorandum Register of Fixed Assets,L to M,BH,"21 February, 2026",,
"17- G Model Town Campus, Lahore",1.15,Repeated,Fixed Assets,Document Tracking Sheet Not in Use:,Low,BH,"21 February, 2026",,
"17- G Model Town Campus, Lahore",1.16,Repeated,Library,High per Child Book Ratio in Library,M to H,BH,"21 February, 2026",,
"17- G Model Town Campus, Lahore",1.17,Repeated,Library,Overdue Books,L to M,BH,"21 February, 2026",,
"17- G Model Town Campus, Lahore",1.18,Repeated,Others,Demolition Register Not Maintained,L to M,BH,"21 February, 2026",,
"17- G Model Town Campus, Lahore",1.19,Repeated,Others,Printed Stationery Register Unvalidated,L to M,BH,"21 February, 2026",,
"17- G Model Town Campus, Lahore",1.20,Repeated,Others,Discrepancies in Generator Log Book,L to M,BH,"21 February, 2026",,
"17- G Model Town Campus, Lahore",2.1,New,"Branch Imprest, Payments & Accounts",Savings in Student Expenditure,L to M,BH,"21 February, 2026",,
"17- G Model Town Campus, Lahore",2.2,New,"Branch Imprest, Payments & Accounts","Paid Against Extra Tax and Further Tax on Utility Bills Rs. 22,277",M to H,RH,"21 February, 2026",,
"17- G Model Town Campus, Lahore",2.3,New,"Branch Imprest, Payments & Accounts",Fair Market Analysis not Performed,M to H,BH,"21 February, 2026",,
"17- G Model Town Campus, Lahore",2.4,New,"Branch Imprest, Payments & Accounts",Discrepancies noted in Imprest Vouchers,M to H,BH,"21 February, 2026",,
"17- G Model Town Campus, Lahore",2.5,New,Cash and Bank,Negative Balance of Bank Ledger,L to M,BH,"21 February, 2026",,
"17- G Model Town Campus, Lahore",2.6,New,Cash and Bank,Cheque Numbers not Recorded in the Bank Payment Vouchers,L to M,BH,"21 February, 2026",,
"17- G Model Town Campus, Lahore",2.7,New,Cash and Bank,Discrepancy in Cash Vouchers/Memos,M to H,BH,"21 February, 2026",,
"17- G Model Town Campus, Lahore",2.8,New,Cash and Bank,List of Preferred Vendors not Available in the Branch,L to M,BH,"21 February, 2026",,
"17- G Model Town Campus, Lahore",2.9,New,Cash and Bank,Handing /Taking over of Accountant not Conducted/Provided,L to M,RH,"21 February, 2026",,
"17- G Model Town Campus, Lahore",2.10,New,Cash and Bank,No Record of Reimbursements from RO in Branch for 2023 to 2024,M to H,BH,"21 February, 2026",,
"17- G Model Town Campus, Lahore",2.11,New,Cash and Bank,Long Outstanding Advance given to School Head,High,BH,"21 February, 2026",,
"17- G Model Town Campus, Lahore",2.12,New,"Recruitment, Payroll & Employee Record",Short Office Hours Observed by Staff:,L to M,BH,"21 February, 2026",,
"17- G Model Town Campus, Lahore",2.13,New,"Recruitment, Payroll & Employee Record",Departure Attendance not Marked,L to M,BH,"21 February, 2026",,
"17- G Model Town Campus, Lahore",2.14,New,"Recruitment, Payroll & Employee Record",Delay in Confirmation of Employees:,L to M,BH,"21 February, 2026",,
"17- G Model Town Campus, Lahore",2.15,New,"Recruitment, Payroll & Employee Record",Final Settlement Claims Record Not Found,M to H,BH,"21 February, 2026",,
"17- G Model Town Campus, Lahore",2.16,New,"Recruitment, Payroll & Employee Record",Employees Un registered in EOBI,L to M,BH,"21 February, 2026",,
"17- G Model Town Campus, Lahore",2.17,New,"Recruitment, Payroll & Employee Record",Approval of HHR not Available for Blood Relatives,M to H,BH,"21 February, 2026",,
"17- G Model Town Campus, Lahore",2.18,New,Fixed Assets,Unnumbered Assets,L to M,BH,"21 February, 2026",,
"17- G Model Town Campus, Lahore",2.19,New,Fixed Assets,Surplus Assets Poorly Stored,M to H,BH,"21 February, 2026",,
"17- G Model Town Campus, Lahore",2.20,New,Fixed Assets,Sharing of sports Items to Other Branches without Approval,L to M,BH,"21 February, 2026",,
"17- G Model Town Campus, Lahore",2.21,New,Fixed Assets,Fixed Assets Codes Affixed in Casual Manner,L to M,BH,"21 February, 2026",,
"17- G Model Town Campus, Lahore",2.22,New,Fixed Assets,Discrepancy in Multimedia Projectors Repairing & Maintenance,M to H,BH,"21 February, 2026",,
"17- G Model Town Campus, Lahore",2.23,New,Library,File of Clearance Forms not Maintained,L to M,BH,"21 February, 2026",,
"17- G Model Town Campus, Lahore",2.24,New,Library,File for Reminders not Maintained,L to M,BH,"21 February, 2026",,
"17- G Model Town Campus, Lahore",2.25,New,Library,Damaged Books,L to M,BH,"21 February, 2026",,
"17- G Model Town Campus, Lahore",2.26,New,Library,Minutes of Librarian Meeting file not Available,L to M,BH,"21 February, 2026",,
"17- G Model Town Campus, Lahore",2.27,New,Library,Disposed Off books Appearing in Accession Register,L to M,BH,"21 February, 2026",,
"17- G Model Town Campus, Lahore",2.28,New,Library,Excess Books Stored in Store Room,L to M,BH,"21 February, 2026",,
"17- G Model Town Campus, Lahore",2.29,New,Safety & Security,Ineffective Screening Room,M to H,BH,"21 February, 2026",,
"17- G Model Town Campus, Lahore",2.30,New,Safety & Security,Discrepancies in School Security,M to H,BH,"21 February, 2026",,
"17- G Model Town Campus, Lahore",2.31,New,Others,Purchase Requisition File not Maintained,Low,BH,"21 February, 2026",,
"17- G Model Town Campus, Lahore",2.32,New,Others,Short Visits by Contractor for Walk Through Gate,L to M,RH,"21 February, 2026",,
"17- G Model Town Campus, Lahore",2.33,New,Others,Updated Maintenance Contracts not Available in Branch,L to M,BH,"21 February, 2026",,
"51 FCC Campus, Lahore",1.1,Repeated,"Branch Imprest, Payments & Accounts",Expenditure Exceeded the Budgeted Amount,M to H,BH,"19 April, 2026",CA,Branch
"51 FCC Campus, Lahore",1.2,Repeated,"Branch Imprest, Payments & Accounts",Savings in Student Expenditure,L to M,BH,"19 April, 2026",CA,Branch
"51 FCC Campus, Lahore",1.3,Repeated,"Branch Imprest, Payments & Accounts",Delay in Deposit of Withholding Tax,M to H,BH,"19 April, 2026",CA,Branch
"51 FCC Campus, Lahore",1.4,Repeated,"Branch Imprest, Payments & Accounts",Delayed Reimbursement of Claims by RO,L to M,RO,"19 April, 2026",CA,Branch
"51 FCC Campus, Lahore",1.5,Repeated,"Branch Imprest, Payments & Accounts",Track Record of Quotation not Maintained by Branch,M to H,BH,"19 April, 2026",CA,Branch
"51 FCC Campus, Lahore",1.6,Repeated,"Branch Imprest, Payments & Accounts",Delay in Finalization of Final Settlement Claims,L to M,RO,"19 April, 2026",CA,Branch
"51 FCC Campus, Lahore",1.7,Repeated,"Branch Imprest, Payments & Accounts",Missing Approval for Blood Relatives & Related Family Members,Low,BH,"19 April, 2026",CA,Branch
"51 FCC Campus, Lahore",1.8,Repeated,"Branch Imprest, Payments & Accounts",Livery Items Provided with Delays,L to M,BH,"19 April, 2026",CA,Branch
"51 FCC Campus, Lahore",1.9,Repeated,"Branch Imprest, Payments & Accounts",Delay in Confirmation of Employees,L to M,BH,"19 April, 2026",CA,Branch
"51 FCC Campus, Lahore",1.10,Repeated,Student Record,Registration Fee Deposited with Delay,Low,BH,"19 April, 2026",,
"51 FCC Campus, Lahore",1.11,Repeated,Fixed Assets,Un-Numbered Assets,M to H,BH,"19 April, 2026",CA,Branch
"51 FCC Campus, Lahore",1.12,Repeated,Library,High Book/child Ratio,M to H,BH,"19 April, 2026",CA,Branch
"51 FCC Campus, Lahore",1.13,Repeated,Others,Demolition Register not Prepared,Low,BH,"19 April, 2026",CA,Branch
"51 FCC Campus, Lahore",1.14,Repeated,Others,Discrepancies in Maintaining Sports Register,M to H,BH,"19 April, 2026",CA,Branch
"51 FCC Campus, Lahore",1.15,Repeated,Others,Generator Log Book not Validated by Branch Head,L to M,BH,"19 April, 2026",CA,Branch
"51 FCC Campus, Lahore",2.1,New,"Branch Imprest, Payments & Accounts",Vendors Registration not Completed,High,BH,"19 April, 2026",CA,Branch
"51 FCC Campus, Lahore",2.2,New,"Branch Imprest, Payments & Accounts",List of Preferred Vendors not Available in the Branch,L to M,BH,"19 April, 2026",CA,Branch
"51 FCC Campus, Lahore",2.3,New,"Branch Imprest, Payments & Accounts",All 3-Quotations were Provided by Selected Vendor,High,BH,"19 April, 2026",CA,Branch
"51 FCC Campus, Lahore",2.4,New,Cash and Bank,Cheque Number Not Recorded in BPV,Low,BH,"19 April, 2026",CA,Branch
"51 FCC Campus, Lahore",2.5,New,Cash and Bank,Negative Balance of Principal Bank Account,L to M,BH,"19 April, 2026",CA,Branch
"51 FCC Campus, Lahore",2.6,New,Cash and Bank,Cash in Hand Exceeding Limit,L to M,BH,"19 April, 2026",CA,Branch
"51 FCC Campus, Lahore",2.7,New,Cash and Bank,Short Office Hours,M to H,BH,"19 April, 2026",CA,Branch
"51 FCC Campus, Lahore",2.8,New,Cash and Bank,Departure Attendance not marked,M to H,BH,"19 April, 2026",CA,Branch
"51 FCC Campus, Lahore",2.9,New,Cash and Bank,Employees not Registered in EOBI,M to H,BH,"19 April, 2026",CA,Branch
"51 FCC Campus, Lahore",2.10,New,Cash and Bank,Record for Livery Issued not maintained,M to H,BH,"19 April, 2026",,
"51 FCC Campus, Lahore",2.11,New,Cash and Bank,Incomplete Employees’ Files,L to M,BH,"19 April, 2026",CA,Branch
"51 FCC Campus, Lahore",2.12,New,Cash and Bank,Personal File of Branch Accountant was maintained at Branch.,L to M,BH,"19 April, 2026",CA,Branch
"51 FCC Campus, Lahore",2.13,New,Student Record,Incomplete Students’ Files,L to M,BH,"19 April, 2026",CA,Branch
"51 FCC Campus, Lahore",2.14,New,Student Record,Reason for Registration Fee Waiver not Mentioned,M to H,BH,"19 April, 2026",CA,Branch
"51 FCC Campus, Lahore",2.15,New,Fixed Assets,Memorandum Records of FA not maintained as per policy,M to H,BH,"19 April, 2026",CA,Branch
"51 FCC Campus, Lahore",2.16,New,Fixed Assets,Out of Order Assets Found in Branch,L to M,BH,"19 April, 2026",CA,Branch
"51 FCC Campus, Lahore",2.17,New,Fixed Assets,Un-Matched Assets Found in the Branch,L to M,BH,"19 April, 2026",CA,Branch
"51 FCC Campus, Lahore",2.18,New,Library,Bar Code Labelling on Library Books not Completed,L to M,BH,"19 April, 2026",CA,Branch
"51 FCC Campus, Lahore",2.19,New,Library,Books not Accessed in Library Module,M to H,BH,"19 April, 2026",CA,Branch
"51 FCC Campus, Lahore",2.20,New,Library,Torn-out Books Found in Branch Library,Low,BH,"19 April, 2026",,
"51 FCC Campus, Lahore",2.21,New,Library,File for Minutes of Librarian Meeting not Maintained,L to M,BH,"19 April, 2026",CA,Branch
"51 FCC Campus, Lahore",2.22,New,Library,File of Clearance Forms not Maintained,L to M,BH,"19 April, 2026",CA,Branch
"51 FCC Campus, Lahore",2.23,New,Library,File for Reminders not Maintained,L to M,BH,"19 April, 2026",CA,Branch
"51 FCC Campus, Lahore",2.24,New,Library,Discrepancies with Library Module (KOHA),M to H,BH,"19 April, 2026",RA,Company
"51 FCC Campus, Lahore",2.25,New,Safety & Security,Ex-Armed Forces Personnel not provided by Security Company,High,BH,"19 April, 2026",CA,Branch
"51 FCC Campus, Lahore",2.26,New,Others,Discrepancies in Maintaining Printed Stationery Register,L to M,BH,"19 April, 2026",CA,Branch
"51 FCC Campus, Lahore",2.27,New,Others,Discrepancies in Maintaining Teaching Aid Register,L to M,BH,"19 April, 2026",CA,Branch
"Valencia Town Campus, Lahore (217)",1.1,Repeated,"Branch Imprest, Payments & Accounts",Expenditure Exceeded the Budgeted Amount,M to H,BH,"09 November, 2025",,
"Valencia Town Campus, Lahore (217)",1.2,Repeated,"Branch Imprest, Payments & Accounts",Savings in Student Expenditure,M to H,BH,"09 November, 2025",,
"Valencia Town Campus, Lahore (217)",1.3,Repeated,"Branch Imprest, Payments & Accounts",Delayed Reimbursement of Claims by RO,L to M,RH,"09 November, 2025",,
"Valencia Town Campus, Lahore (217)",1.4,Repeated,"Branch Imprest, Payments & Accounts",Delay in Deposit of Withholding Tax,M to H,BH,"09 November, 2025",,
"Valencia Town Campus, Lahore (217)",1.5,Repeated,"Recruitment, Payroll & Employee Record",Delay in Finalization of Final Settlement Claims,L to M,RH,"09 November, 2025",,
"Valencia Town Campus, Lahore (217)",1.6,Repeated,"Recruitment, Payroll & Employee Record",Livery Items Provided with Delays,L to M,BH,"09 November, 2025",,
"Valencia Town Campus, Lahore (217)",1.7,Repeated,"Recruitment, Payroll & Employee Record",Departure Attendance not marked,M to H,BH,"09 November, 2025",,
"Valencia Town Campus, Lahore (217)",1.8,Repeated,Student Record,Incomplete Student Files,Low,BH,"09 November, 2025",,
"Valencia Town Campus, Lahore (217)",1.9,Repeated,Fixed Assets,Out of Order Assets Found in Branch,L to M,BH,"09 November, 2025",,
"Valencia Town Campus, Lahore (217)",1.10,Repeated,Fixed Assets,Un-Matched Assets Found in the Branch,L to M,BH,"09 November, 2025",,
"Valencia Town Campus, Lahore (217)",1.11,Repeated,Library,No Action on Missing/Lost Books Reported in Stock Take,High,RH,"09 November, 2025",,
"Valencia Town Campus, Lahore (217)",1.12,Repeated,Science Laboratory,Discrepancies in Laboratory Stock Registers,Low,BH,"09 November, 2025",,
"Valencia Town Campus, Lahore (217)",1.13,Repeated,Others,Document Tracking Sheet Not in Use,Low,BH,"09 November, 2025",,
"Valencia Town Campus, Lahore (217)",2.1,New,"Branch Imprest, Payments & Accounts",Fair Market Analysis not Performed for Branch Procurements,High,BH,"09 November, 2025",,
"Valencia Town Campus, Lahore (217)",2.2,New,"Branch Imprest, Payments & Accounts",Only 2 Quotation were taken from the Market,High,BH,"09 November, 2025",,
"Valencia Town Campus, Lahore (217)",2.3,New,"Branch Imprest, Payments & Accounts",Expenses Incurred without Formal Invoices/Bills,High,BH,"09 November, 2025",,
"Valencia Town Campus, Lahore (217)",2.4,New,"Branch Imprest, Payments & Accounts",Track Record of Quotation not Maintained by Branch,L to M,BH,"09 November, 2025",,
"Valencia Town Campus, Lahore (217)",2.5,New,"Branch Imprest, Payments & Accounts",Electricity Sockets Bypassing the Submeter,High,BH,"09 November, 2025",,
"Valencia Town Campus, Lahore (217)",2.6,New,"Branch Imprest, Payments & Accounts",Amount Receivable from Other Branches,Low,BH,"09 November, 2025",,
"Valencia Town Campus, Lahore (217)",2.7,New,"Branch Imprest, Payments & Accounts","Payments Made in Cash Exceeding Rs.10,000",M to H,BH,"09 November, 2025",,
"Valencia Town Campus, Lahore (217)",2.8,New,"Branch Imprest, Payments & Accounts",Balance Confirmation of Vendors were not Provided,M to H,BH,"09 November, 2025",,
"Valencia Town Campus, Lahore (217)",2.9,New,"Branch Imprest, Payments & Accounts",Canteen Contractor Took Canteens Assets without Clearing the Dues,High,RH,"09 November, 2025",,
"Valencia Town Campus, Lahore (217)",2.10,New,"Branch Imprest, Payments & Accounts",Long Outstanding Advance,L to M,BH,"09 November, 2025",,
"Valencia Town Campus, Lahore (217)",2.11,New,"Branch Imprest, Payments & Accounts",List of Preferred Vendors not Available in the Branch,Low,BH,"09 November, 2025",,
"Valencia Town Campus, Lahore (217)",2.12,New,"Branch Imprest, Payments & Accounts",List of Common Supplier Not provided by RO,Low,RH,"09 November, 2025",,
"Valencia Town Campus, Lahore (217)",2.13,New,Cash and Bank,Cash in Hand Exceeding Prescribed Limit,L to M,BH,"09 November, 2025",,
"Valencia Town Campus, Lahore (217)",2.14,New,Cash and Bank,Credit Balance of Cash In Hand,L to M,BH,"09 November, 2025",,
"Valencia Town Campus, Lahore (217)",2.15,New,Cash and Bank,Credit Balance of Bank Ledger Account,L to M,BH,"09 November, 2025",,
"Valencia Town Campus, Lahore (217)",2.16,New,Cash and Bank,Record for Bank Signatories not Available in Branch,L to M,RH,"09 November, 2025",,
"Valencia Town Campus, Lahore (217)",2.17,New,Cash and Bank,Bank Deposit Slips for the Deposit of Registration fee not verified by BH,Low,BH,"09 November, 2025",,
"Valencia Town Campus, Lahore (217)",2.18,New,Cash and Bank,Cash Collection Activities not being Properly Maintained,High,RH,"09 November, 2025",,
"Valencia Town Campus, Lahore (217)",2.19,New,Cash and Bank,Cash Collection and Expenditure for Melange Activity was not properly maintained,High,RH,"09 November, 2025",,
"Valencia Town Campus, Lahore (217)",2.20,New,Cash and Bank,Open Activities against Students’ Cash Collections,M to H,RH,"09 November, 2025",,
"Valencia Town Campus, Lahore (217)",2.21,New,"Recruitment, Payroll & Employee Record",Delay in Confirmation of Employees,L to M,RH,"09 November, 2025",,
"Valencia Town Campus, Lahore (217)",2.22,New,"Recruitment, Payroll & Employee Record",Short Office Hours,M to H,BH,"09 November, 2025",,
"Valencia Town Campus, Lahore (217)",2.23,New,"Recruitment, Payroll & Employee Record",Incomplete Employees’ Files,L to M,BH,"09 November, 2025",,
"Valencia Town Campus, Lahore (217)",2.24,New,"Recruitment, Payroll & Employee Record",Related Family Employees Working in the Branch,L to M,BH,"09 November, 2025",,
"Valencia Town Campus, Lahore (217)",2.25,New,"Recruitment, Payroll & Employee Record",Employees Record of Social Security not Available,L to M,BH,"09 November, 2025",,
"Valencia Town Campus, Lahore (217)",2.26,New,"Recruitment, Payroll & Employee Record",Sandwich Leaves not Considered,L to M,BH,"09 November, 2025",,
"Valencia Town Campus, Lahore (217)",2.27,New,"Recruitment, Payroll & Employee Record",Excess Salary Paid to Employee,High,RH,"09 November, 2025",,
"Valencia Town Campus, Lahore (217)",2.28,New,Student Record,Registration Fee Deposited with Delay,M to H,BH,"09 November, 2025",,
"Valencia Town Campus, Lahore (217)",2.29,New,Student Record,Registration Fee Deposited prior to the Collection,L to M,BH,"09 November, 2025",,
"Valencia Town Campus, Lahore (217)",2.30,New,Student Record,Emergency Contact Information of Students not Mentioned in BEAMS,M to H,BH,"09 November, 2025",,
"Valencia Town Campus, Lahore (217)",2.31,New,Student Record,Reason for Registration Fee Waiver not Mentioned,M to H,BH,"09 November, 2025",,
"Valencia Town Campus, Lahore (217)",2.32,New,Fixed Assets,Fixed Assets Remained Untraced,High,BH,"09 November, 2025",,
"Valencia Town Campus, Lahore (217)",2.33,New,Fixed Assets,Unnumbered Assets,M to H,RH,"09 November, 2025",,
"Valencia Town Campus, Lahore (217)",2.34,New,Fixed Assets,Duplicate Numbers of Assets,M to H,BH,"09 November, 2025",,
"Valencia Town Campus, Lahore (217)",2.35,New,Fixed Assets,Discrepancies in Memorandum Record of Fixed Assets,L to M,BH,"09 November, 2025",,
"Valencia Town Campus, Lahore (217)",2.36,New,Fixed Assets,Validated Paint Area Measurements not Available,L to M,BH,"09 November, 2025",,
"Valencia Town Campus, Lahore (217)",2.37,New,Library,Low per Child Book Ratio in Library,M to H,BH,"09 November, 2025",,
"Valencia Town Campus, Lahore (217)",2.38,New,Library,File of Clearance Forms not Maintained,M to H,BH,"09 November, 2025",,
"Valencia Town Campus, Lahore (217)",2.40,New,Library,File for Reminders not Maintained,M to H,BH,"09 November, 2025",,
"Valencia Town Campus, Lahore (217)",2.41,New,Library,Overdue Books,M to H,BH,"09 November, 2025",,
"Valencia Town Campus, Lahore (217)",2.42,New,Library,Discrepancies in Library Module (KOHA),L to M,BH,"09 November, 2025",,
"Valencia Town Campus, Lahore (217)",2.43,New,Safety & Security,Assembly area Unmarked,M to H,BH,"09 November, 2025",,
"Valencia Town Campus, Lahore (217)",2.44,New,Safety & Security,Insufficient Backup time of CCTV Cameras,High,BH,"09 November, 2025",,
"Valencia Town Campus, Lahore (217)",2.45,New,Safety & Security,In-effective Screening Room,M to H,BH,"09 November, 2025",,
"Valencia Town Campus, Lahore (217)",2.47,New,Others,Incomplete Generator Log Book,L to M,BH,"09 November, 2025",,
"Valencia Town Campus, Lahore (217)",2.48,New,Others,Demolition Register Not Maintained,L to M,BH,"09 November, 2025",,
"Valencia Town Campus, Lahore (217)",2.49,New,Others,Discrepancies in Maintaining Printed Stationery Register,Low,BH,"09 November, 2025",,
"Valencia Town Campus, Lahore (217)",2.50,New,Others,Discrepancies in Maintaining Sports Register,Low,BH,"09 November, 2025",,
"Garden Town Campus, Lahore",1.1,Repeated,"Branch Imprest, Payments & Accounts",Expenditure Exceeded the Budgeted Amount,M to H,BH,"26 February, 2026",CA,Branch
"Garden Town Campus, Lahore",1.2,Repeated,"Branch Imprest, Payments & Accounts",Savings in Student Expenditure,L to M,BH,"26 February, 2026",CA,Branch
"Garden Town Campus, Lahore",1.3,Repeated,"Branch Imprest, Payments & Accounts",Delay in Deposit of Withholding Tax,M to H,BH,"26 February, 2026",CA,Branch
"Garden Town Campus, Lahore",1.4,Repeated,"Branch Imprest, Payments & Accounts",Delayed Reimbursement of Claims by RO,L to M,RH,"26 February, 2026",CA,Branch
"Garden Town Campus, Lahore",1.5,Repeated,"Branch Imprest, Payments & Accounts",Vendors Registration not Completed,M to H,BH,"26 February, 2026",CA,Branch
"Garden Town Campus, Lahore",1.6,Repeated,"Branch Imprest, Payments & Accounts",List of Common Suppliers not Available in the Branch,L to M,RH,"26 February, 2026",CA,Branch
"Garden Town Campus, Lahore",1.7,Repeated,"Branch Imprest, Payments & Accounts",Purchase Committee not Properly Functioning,M to H,BH,"26 February, 2026",CA,Branch
"Garden Town Campus, Lahore",1.8,Repeated,"Branch Imprest, Payments & Accounts",Balance Confirmation Certificates not Provided,High,BH,"26 February, 2026",CA,Branch
"Garden Town Campus, Lahore",1.9,Repeated,Cash and Bank,Negative Balance of Principal Bank Account,L to M,BH,"26 February, 2026",CA,Branch
"Garden Town Campus, Lahore",1.10,Repeated,Cash and Bank,Incomplete Employees’ Files,L to M,BH,"26 February, 2026",,
"Garden Town Campus, Lahore",1.11,Repeated,Cash and Bank,Delay in Finalization of Final Settlement Claims,L to M,RH,"26 February, 2026",CA,Branch
"Garden Town Campus, Lahore",1.12,Repeated,Cash and Bank,Departure Attendance not marked,L to M,BH,"26 February, 2026",CA,Branch
"Garden Town Campus, Lahore",1.13,Repeated,Cash and Bank,Short Office Hours,L to M,BH,"26 February, 2026",CA,Branch
"Garden Town Campus, Lahore",1.14,Repeated,Cash and Bank,Delay in Confirmation of Employees,M to H,BH,"26 February, 2026",CA,Branch
"Garden Town Campus, Lahore",1.15,Repeated,Cash and Bank,Missing Approval for Blood Relatives & Related Family Members,M to H,BH,"26 February, 2026",CA,Branch
"Garden Town Campus, Lahore",1.16,Repeated,Student Record,Incomplete Students’ Files,L to M,BH,"26 February, 2026",CA,Branch
"Garden Town Campus, Lahore",1.17,Repeated,Student Record,Registration Fee Deposited with Delay,M to H,BH,"26 February, 2026",CA,Branch
"Garden Town Campus, Lahore",1.18,Repeated,Library,Overdue Books,M to H,BH,"26 February, 2026",CA,Branch
"Garden Town Campus, Lahore",1.19,Repeated,Library,Bar Code Labelling on Library Books not Completed,L to M,BH,"26 February, 2026",CA,Branch
"Garden Town Campus, Lahore",1.20,Repeated,Library,Books not Accessed in Library Module,L to M,BH,"26 February, 2026",,
"Garden Town Campus, Lahore",1.21,Repeated,Library,Torn-out Books Found in Branch Library,Low,BH,"26 February, 2026",CA,Branch
"Garden Town Campus, Lahore",1.22,Repeated,Library,Low Item Per Child Ratio in Library,L to M,BH,"26 February, 2026",CA,Branch
"Garden Town Campus, Lahore",1.23,Repeated,Library,File for Minutes of Librarian Meeting not Maintained,L to M,BH,"26 February, 2026",CA,Branch
"Garden Town Campus, Lahore",1.24,Repeated,Science Laboratory,Discrepancies in Laboratory Stock Registers,M to H,BH,"26 February, 2026",CA,Branch
"Garden Town Campus, Lahore",1.25,Repeated,Others,Discrepancies in Maintaining Sports Register,Low,BH,"26 February, 2026",CA,Branch
"Garden Town Campus, Lahore",1.26,Repeated,Others,Discrepancies in Maintaining Printed Stationery Register,Low,BH,"26 February, 2026",CA,Branch
"Garden Town Campus, Lahore",1.27,Repeated,Others,Document Tracking Sheet not in Practice,Low,BH,"26 February, 2026",CA,Branch
"Garden Town Campus, Lahore",2.1,New,"Branch Imprest, Payments & Accounts",Purchase Requisition File not Maintained,L to M,BH,"26 February, 2026",CA,Branch
"Garden Town Campus, Lahore",2.2,New,"Branch Imprest, Payments & Accounts",List of Preferred Vendors not Available in the Branch,M to H,BH,"26 February, 2026",CA,Branch
"Garden Town Campus, Lahore",2.3,New,"Branch Imprest, Payments & Accounts",Track Record of Quotation not Maintained by Branch,M to H,BH,"26 February, 2026",CA,Branch
"Garden Town Campus, Lahore",2.4,New,"Branch Imprest, Payments & Accounts",Excess Amount Charged by the Paint Contractor,High,BH,"26 February, 2026",CA,Branch
"Garden Town Campus, Lahore",2.5,New,Cash and Bank,Credit Balance of Cash in Hand Ledger,M to H,BH,"26 February, 2026",CA,Branch
"Garden Town Campus, Lahore",2.6,New,Cash and Bank,Bank Payments Booked through JV,L to M,BH,"26 February, 2026",CA,Branch
"Garden Town Campus, Lahore",2.7,New,Cash and Bank,Cheque Number Not Recorded in BPV,L to M,BH,"26 February, 2026",CA,Branch
"Garden Town Campus, Lahore",2.8,New,Cash and Bank,Livery Items Provided with Delays,L to M,BH,"26 February, 2026",CA,Branch
"Garden Town Campus, Lahore",2.9,New,Cash and Bank,Record for Livery Issued not maintained,High,BH,"26 February, 2026",CA,Branch
"Garden Town Campus, Lahore",2.10,New,Cash and Bank,Employees Record of Social Security not Available,M to H,BH,"26 February, 2026",,
"Garden Town Campus, Lahore",2.11,New,Cash and Bank,Sandwich Leaves not Considered,L to M,BH,"26 February, 2026",CA,Branch
"Garden Town Campus, Lahore",2.12,New,Cash and Bank,Employees not Registered in EOBI,M to H,BH,"26 February, 2026",CA,Branch
"Garden Town Campus, Lahore",2.13,New,Cash and Bank,Unconfirmed Employees in the Branch,M to H,BH,"26 February, 2026",CA,Branch
"Garden Town Campus, Lahore",2.14,New,Student Record,Registration Fee Deposited prior to the Collection,High,BH,"26 February, 2026",CA,Branch
"Garden Town Campus, Lahore",2.15,New,Fixed Assets,Memorandum Records of FA not maintained as per policy,M to H,BH,"26 February, 2026",CA,Branch
"Garden Town Campus, Lahore",2.16,New,Fixed Assets,Assets not Recorded in Memorandum Records of FA,High,BH,"26 February, 2026",CA,Branch
"Garden Town Campus, Lahore",2.17,New,Fixed Assets,Discrepancies in the List of Canteen’s Assets,L to M,BH,"26 February, 2026",CA,Branch
"Garden Town Campus, Lahore",2.18,New,Fixed Assets,Discrepancies in the List of Photocopier’s Assets,L to M,BH,"26 February, 2026",CA,Branch
"Garden Town Campus, Lahore",2.19,New,Fixed Assets,Un-Numbered Assets,M to H,BH,"26 February, 2026",CA,Branch
"Garden Town Campus, Lahore",2.20,New,Fixed Assets,Un-Traced Assets,High,BH,"26 February, 2026",,
"Garden Town Campus, Lahore",2.21,New,Fixed Assets,Un-Matched Assets Found in the Branch,High,BH,"26 February, 2026",CA,Branch
"Garden Town Campus, Lahore",2.22,New,Fixed Assets,Duplicate Numbers of Assets,M to H,BH,"26 February, 2026",CA,Branch
"Garden Town Campus, Lahore",2.23,New,Fixed Assets,Out of Order Assets Found in Branch,L to M,BH,"26 February, 2026",CA,Branch
"Garden Town Campus, Lahore",2.24,New,Fixed Assets,Assets Disposed Off but Still Available in FAR,High,BH,"26 February, 2026",CA,Branch
"Garden Town Campus, Lahore",2.25,New,Fixed Assets,Assets Disposed Off but still Present Branch,High,BH,"26 February, 2026",CA,Branch
"Garden Town Campus, Lahore",2.26,New,Fixed Assets,Assets Never used since Purchase,M to H,BH,"26 February, 2026",CA,Branch
"Garden Town Campus, Lahore",2.27,New,Fixed Assets,Demolition Register not Prepared,Low,BH,"26 February, 2026",CA,Branch
"Garden Town Campus, Lahore",2.28,New,Science Laboratory,Actual Consumption not Recorded in Laboratory Stock Registers,M to H,BH,"26 February, 2026",CA,Branch
"Garden Town Campus, Lahore",2.29,New,Safety & Security,Ex-Armed Forces Personnel not provided by Security Company,M to H,BH,"26 February, 2026",CA,Branch
"Garden Town Campus, Lahore",2.30,New,Safety & Security,Assembly area Unmarked,Low,BH,"26 February, 2026",,
"Garden Town Campus, Lahore",2.31,New,Safety & Security,No Scanning Room at Gate No. 3,M to H,BH,"26 February, 2026",CA,Branch
"Garden Town Campus, Lahore",2.32,New,Others,Annual Maintenance Contract for Generator was not available in Branch,L to M,BH,"26 February, 2026",CA,Branch
"Garden Town Campus, Lahore",2.33,New,Others,Music Stock Register not Maintained by the Branch,Low,BH,"26 February, 2026",CA,Branch
"Beaconhouse College Campus, North Nazimabad - Karachi",1.1,Repeated,"Branch Imprest, Payments & Accounts",Deficiencies in Vendors Register Applications (VRA),L to M,BH,"29 August, 2024",,
"Beaconhouse College Campus, North Nazimabad - Karachi",1.2,Repeated,"Branch Imprest, Payments & Accounts",Delay in Claiming Reimbursement against Expenses,M to H,BH,"29 August, 2024",,
"Beaconhouse College Campus, North Nazimabad - Karachi",1.3,Repeated,"Branch Imprest, Payments & Accounts",Delay in Reimbursements by RO,M to H,RO,"29 August, 2024",,
"Beaconhouse College Campus, North Nazimabad - Karachi",1.4,Repeated,"Recruitment, Payroll & Employee Record",Short Office Hours of Teaching Staff,L to M,BH,"29 August, 2024",,
"Beaconhouse College Campus, North Nazimabad - Karachi",1.5,Repeated,"Recruitment, Payroll & Employee Record",Outgoing Attendance not Marked by Staff,L to M,BH,"29 August, 2024",,
"Beaconhouse College Campus, North Nazimabad - Karachi",1.6,Repeated,"Recruitment, Payroll & Employee Record",Deficiencies in Employee Files,L to M,BH,"29 August, 2024",,
"Beaconhouse College Campus, North Nazimabad - Karachi",1.7,Repeated,"Recruitment, Payroll & Employee Record",Employees Record of Social Security not Available,L to M,RO,"29 August, 2024",,
"Beaconhouse College Campus, North Nazimabad - Karachi",1.8,Repeated,"Recruitment, Payroll & Employee Record",Record of Handing/Taking over of Branch Head not Available,L to M,BH,"29 August, 2024",,
"Beaconhouse College Campus, North Nazimabad - Karachi",1.9,Repeated,Student Record,Student Registration/Admission Forms Incomplete,M to H,BH,"29 August, 2024",,
"Beaconhouse College Campus, North Nazimabad - Karachi",1.10,Repeated,Student Record,Incomplete Information of Students on BEAMS,L to M,BH,"29 August, 2024",,
"Beaconhouse College Campus, North Nazimabad - Karachi",1.11,Repeated,Student Record,Incomplete Student Files 1.11,L to M,BH,"29 August, 2024",,
"Beaconhouse College Campus, North Nazimabad - Karachi",1.12,Repeated,Fixed Assets,Aspects of Assets Not Mentioned in Fixed Asset Register,M to H,RO,"29 August, 2024",,
"Beaconhouse College Campus, North Nazimabad - Karachi",1.13,Repeated,Fixed Assets,Disposal Notes Processed with Delay by RO,Low,RO,"29 August, 2024",,
"Beaconhouse College Campus, North Nazimabad - Karachi",1.14,Repeated,Fixed Assets,Fixed Asset Codes/Tags not provided by RO 1.14,L to M,RO,"29 August, 2024",,
"Beaconhouse College Campus, North Nazimabad - Karachi",1.15,Repeated,Fixed Assets,Surplus Assets Found in Branch,L to M,BH,"29 August, 2024",,
"Beaconhouse College Campus, North Nazimabad - Karachi",1.16,Repeated,Fixed Assets,Untraced Assets,L to M,BH,"29 August, 2024",,
"Beaconhouse College Campus, North Nazimabad - Karachi",1.17,Repeated,Fixed Assets,Out of Order Assets Found in Branch,L to M,BH,"29 August, 2024",,
"Beaconhouse College Campus, North Nazimabad - Karachi",1.18,Repeated,Library,Incomplete Bar Code Labelling on Library Books 1.18,L to M,BH,"29 August, 2024",,
"Beaconhouse College Campus, North Nazimabad - Karachi",1.19,Repeated,Library,Library Books Found in Poor Condition 1.19,Low,BH,"29 August, 2024",,
"Beaconhouse College Campus, North Nazimabad - Karachi",1.20,Repeated,Library,Low Item per Child Book Ratio in Library,L to M,BH,"29 August, 2024",,
"Beaconhouse College Campus, North Nazimabad - Karachi",1.21,Repeated,Others,Gate Passes Record Not Maintained Properly,L to M,BH,"29 August, 2024",,
"Beaconhouse College Campus, North Nazimabad - Karachi",2.1,New,"Branch Imprest, Payments & Accounts",Vendors Register Application (VRA) Forms not Available,L to M,BH,"29 August, 2024",,
"Beaconhouse College Campus, North Nazimabad - Karachi",2.2,New,"Branch Imprest, Payments & Accounts",List of Common Supplier not Available in the Branch,Low,BH,"29 August, 2024",,
"Beaconhouse College Campus, North Nazimabad - Karachi",2.3,New,"Branch Imprest, Payments & Accounts",Periodic Evaluation of Registered Vendors not Performed,L to M,BH,"29 August, 2024",,
"Beaconhouse College Campus, North Nazimabad - Karachi",2.4,New,"Branch Imprest, Payments & Accounts",Miscellaneous Issues Noted in Monthly Branch Imprest Record,M to H,BH,"29 August, 2024",,
"Beaconhouse College Campus, North Nazimabad - Karachi",2.5,New,"Branch Imprest, Payments & Accounts",Quotations Avoided by Splitting the Activity,M to H,BH,"29 August, 2024",,
"Beaconhouse College Campus, North Nazimabad - Karachi",2.6,New,"Branch Imprest, Payments & Accounts",Misappropriations Noted in Conveyance Bills,M to H,BH,"29 August, 2024",,
"Beaconhouse College Campus, North Nazimabad - Karachi",2.7,New,"Recruitment, Payroll & Employee Record",Delay in Finalization of Final Settlement Cases,L to M,RO,"29 August, 2024",,
"Beaconhouse College Campus, North Nazimabad - Karachi",2.8,New,"Recruitment, Payroll & Employee Record",Final Settlement Cases Missing in Record File,L to M,BH,"29 August, 2024",,
"Beaconhouse College Campus, North Nazimabad - Karachi",2.9,New,"Recruitment, Payroll & Employee Record",Leave Application not Raised by staff on BEAMS,L to M,BH,"29 August, 2024",,
"Beaconhouse College Campus, North Nazimabad - Karachi",2.10,New,"Recruitment, Payroll & Employee Record",Delay in Confirmation of Employees,L to M,RO,"29 August, 2024",,
"Beaconhouse College Campus, North Nazimabad - Karachi",2.11,New,"Recruitment, Payroll & Employee Record",Discrepancies in Final Settlement Cases,L to M,BH,"29 August, 2024",,
"Beaconhouse College Campus, North Nazimabad - Karachi",2.12,New,"Recruitment, Payroll & Employee Record",Employees Opened their Salary Accounts with Delay,Low,BH,"29 August, 2024",,
"Beaconhouse College Campus, North Nazimabad - Karachi",2.13,New,Student Record,Student Fee Exemption/Concession Forms Incomplete,L to M,BH,"29 August, 2024",,
"Beaconhouse College Campus, North Nazimabad - Karachi",2.14,New,Student Record,Poor Condition of Record Room,L to M,BH,"29 August, 2024",,
"Beaconhouse College Campus, North Nazimabad - Karachi",2.15,New,Fixed Assets,Un-Numbered Fixed Assets Found in Branch,M to H,BH,"29 August, 2024",,
"Beaconhouse College Campus, North Nazimabad - Karachi",2.16,New,Fixed Assets,Incorrect Classification of Asset in Fixed Asset Register,L to M,RO,"29 August, 2024",,
"Beaconhouse College Campus, North Nazimabad - Karachi",2.17,New,Fixed Assets,Fixed Assets Held in Branch for Disposal,L to M,BH,"29 August, 2024",,
"Beaconhouse College Campus, North Nazimabad - Karachi",2.18,New,Fixed Assets,Same Fixed Asset Code Assigned to Multiple Assets,M to H,RO,"29 August, 2024",,
"Beaconhouse College Campus, North Nazimabad - Karachi",2.19,New,Fixed Assets,Un-Matched Fixed Assets Found in Branch,M to H,BH,"29 August, 2024",,
"Beaconhouse College Campus, North Nazimabad - Karachi",2.20,New,Library,Item per Child Report not prepared Bi-annually,L to M,BH,"29 August, 2024",,
"Beaconhouse College Campus, North Nazimabad - Karachi",2.21,New,Library,Library Books not protected with Plastic Cover,Low,BH,"29 August, 2024",,
"Beaconhouse College Campus, North Nazimabad - Karachi",2.22,New,Library,Insufficient Racks/Space for Display of Library Books,L to M,BH,"29 August, 2024",,
"Beaconhouse College Campus, North Nazimabad - Karachi",2.23,New,Library,Unlabelled Book Shelves,L to M,BH,"29 August, 2024",,
"Beaconhouse College Campus, North Nazimabad - Karachi",2.24,New,Library,Miscellaneous Observations - Library,L to M,BH,"29 August, 2024",,
"Beaconhouse College Campus, North Nazimabad - Karachi",2.25,New,Laboratory,General/Miscellaneous Observations - Laboratory,L to M,BH,"29 August, 2024",,
"Beaconhouse College Campus, North Nazimabad - Karachi",2.26,New,Laboratory,Difference in Quantities of Lab Items,M to H,BH,"29 August, 2024",,
"Beaconhouse College Campus, North Nazimabad - Karachi",2.27,New,Safety & Security,Security Control Room,High,RO,"29 August, 2024",,
"Beaconhouse College Campus, North Nazimabad - Karachi",2.28,New,Safety & Security,Recording Gaps with CCTV Cameras,M to H,RO,"29 August, 2024",,
"Beaconhouse College Campus, North Nazimabad - Karachi",2.29,New,Safety & Security,Discrepancies in Various Security Records/Registers,M to H,RO,"29 August, 2024",,
"Beaconhouse College Campus, North Nazimabad - Karachi",2.30,New,Safety & Security,Discrepancy in the Documents of Security Guard,M to H,RO,"29 August, 2024",,
"Beaconhouse College Campus, North Nazimabad - Karachi",2.31,New,Safety & Security,Guards Frequently Changed by Security Company,M to H,RO,"29 August, 2024",,
"Beaconhouse College Campus, North Nazimabad - Karachi",2.32,New,Safety & Security,Glass Key Box Not Installed on a Common Place,L to M,RO,"29 August, 2024",,
"Beaconhouse College Campus, North Nazimabad - Karachi",2.33,New,Safety & Security,Signs for Emergency Exits not marked on Floor /Walls,L to M,RO,"29 August, 2024",,
"Beaconhouse College Campus, North Nazimabad - Karachi",2.34,New,Others,Discrepancies in Other Stock Registers,Low,BH,"29 August, 2024",,
"Beaconhouse College Campus, North Nazimabad - Karachi",2.35,New,Others,Control Weaknesses Noted in Generator Refuelling,L to M,BH,"29 August, 2024",,
"BCP Qasimabad, Hyderabad",1.1,Repeated,"Branch Imprest, Payments & Accounts",Withholding Tax Deposited with Delay 1.1,High,BH,"04 June, 2026",,
"BCP Qasimabad, Hyderabad",1.2,Repeated,"Branch Imprest, Payments & Accounts",Delay in Reimbursements by RO 1.2,L to M,RO,"04 June, 2026",,
"BCP Qasimabad, Hyderabad",1.3,Repeated,"Branch Imprest, Payments & Accounts",Chart of Account Needs Correction,L to M,HF (DF),"04 June, 2026",,
"BCP Qasimabad, Hyderabad",1.4,Repeated,"Branch Imprest, Payments & Accounts",Vendors Registeration Forms not Available,L to M,BH,"04 June, 2026",,
"BCP Qasimabad, Hyderabad",1.5,Repeated,"Branch Imprest, Payments & Accounts",Deficiencies in Vendors Register Applications (VRA),L to M,BH,"04 June, 2026",,
"BCP Qasimabad, Hyderabad",1.6,Repeated,"Branch Imprest, Payments & Accounts",Quality and Brand not Mentioned for Annual Paint work,M to H,BH,"04 June, 2026",,
"BCP Qasimabad, Hyderabad",1.7,Repeated,"Branch Imprest, Payments & Accounts",Delay in Claiming Reimbursement against Expenses,L to M,BH,"04 June, 2026",,
"BCP Qasimabad, Hyderabad",1.8,Repeated,"Recruitment, Payroll & Employee Record",Deficiencies in Employee Files,L to M,BH,"04 June, 2026",,
"BCP Qasimabad, Hyderabad",1.9,Repeated,"Recruitment, Payroll & Employee Record",Short Office Hours of Teaching Staff,M to H,BH,"04 June, 2026",,
"BCP Qasimabad, Hyderabad",1.10,Repeated,"Recruitment, Payroll & Employee Record",Outgoing Attendance not Marked by Staff,M to H,BH,"04 June, 2026",,
"BCP Qasimabad, Hyderabad",1.11,Repeated,"Recruitment, Payroll & Employee Record",Delay in Finalization of Final Settlement Cases,L to M,RO,"04 June, 2026",,
"BCP Qasimabad, Hyderabad",1.12,Repeated,"Recruitment, Payroll & Employee Record",Left Employee’s Record Missing,M to H,BH,"04 June, 2026",,
"BCP Qasimabad, Hyderabad",1.13,Repeated,"Recruitment, Payroll & Employee Record",Employee Opened their Salary Accounts with Delay,L to M,BH,"04 June, 2026",,
"BCP Qasimabad, Hyderabad",1.14,Repeated,Student Record,Deficiencies in Student Files,L to M,BH,"04 June, 2026",,
"BCP Qasimabad, Hyderabad",1.15,Repeated,Student Record,Files of Transferred-In Students not Available,L to M,BH,"04 June, 2026",,
"BCP Qasimabad, Hyderabad",1.16,Repeated,Student Record,Incorrect Student Fee Challan Issued,L to M,RO,"04 June, 2026",,
"BCP Qasimabad, Hyderabad",1.17,Repeated,Student Record,Student Registration/Admission Forms Incomplete,L to M,BH,"04 June, 2026",,
"BCP Qasimabad, Hyderabad",1.18,Repeated,Student Record,Incomplete Information of Students on ISM/BEAMS,L to M,BH,"04 June, 2026",,
"BCP Qasimabad, Hyderabad",1.19,Repeated,Fixed Assets,Memorandum Record of Fixed Asset’s not Maintained Properly,L to M,BH,"04 June, 2026",,
"BCP Qasimabad, Hyderabad",1.20,Repeated,Fixed Assets,Untraced Assets,M to H,RO,"04 June, 2026",,
"BCP Qasimabad, Hyderabad",1.21,Repeated,Fixed Assets,Un-Matched Fixed Assets Found in Branch,M to H,RO,"04 June, 2026",,
"BCP Qasimabad, Hyderabad",1.22,Repeated,Fixed Assets,Aspects of Assets Not Mentioned in Fixed Asset Register,M to H,RO,"04 June, 2026",,
"BCP Qasimabad, Hyderabad",1.23,Repeated,Fixed Assets,Assets found in Repairable condition in Branch,L to M,BH,"04 June, 2026",,
"BCP Qasimabad, Hyderabad",1.24,Repeated,Library,Library Books Found in Poor Condition,L to M,BH,"04 June, 2026",,
"BCP Qasimabad, Hyderabad",1.25,Repeated,Safety & Security,Discrepancies in Weapon/Ammunition in/out Register,M to H,RO,"04 June, 2026",,
"BCP Qasimabad, Hyderabad",1.26,Repeated,Safety & Security,Offline/Non-Operational CCTV Cameras,High,BH,"04 June, 2026",,
"BCP Qasimabad, Hyderabad",1.27,Repeated,Safety & Security,Recording Gaps with CCTV Cameras,High,BH,"04 June, 2026",,
"BCP Qasimabad, Hyderabad",1.28,Repeated,Safety & Security,Substitute Security Guard not provided by Security Company for Absent Guard,M to H,BH,"04 June, 2026",,
"BCP Qasimabad, Hyderabad",1.29,Repeated,Others,Discrepancies in Printed Stationery Register,Low,BH,"04 June, 2026",,
"BCP Qasimabad, Hyderabad",1.30,Repeated,Others,Gate Pass Record not Maintained Properly,L to M,BH,"04 June, 2026",,
"BCP Qasimabad, Hyderabad",1.31,Repeated,Others,Delay in Collection of Electricity Charges from Canteen and Photocopy Contractors,L to M,BH,"04 June, 2026",,
"BCP Qasimabad, Hyderabad",1.32,Repeated,Others,Discrepancies in Sports Items Register,Low,BH,"04 June, 2026",,
"BCP Qasimabad, Hyderabad",2.1,New,"Branch Imprest, Payments & Accounts",Expenditure Exceeded the Budgeted Amount,M to H,BH,"04 June, 2026",,
"BCP Qasimabad, Hyderabad",2.2,New,"Branch Imprest, Payments & Accounts",Budget for Student Expenditure Remained Unutilized,M to H,BH,"04 June, 2026",,
"BCP Qasimabad, Hyderabad",2.3,New,"Branch Imprest, Payments & Accounts",Vendor to be Removed from Registered Vendors' List,M to H,RO,"04 June, 2026",,
"BCP Qasimabad, Hyderabad",2.4,New,"Branch Imprest, Payments & Accounts",Delay Payment to Vendors,L to M,RO,"04 June, 2026",,
"BCP Qasimabad, Hyderabad",2.5,New,"Branch Imprest, Payments & Accounts",Approved Vendor List not Available,L to M,BH,"04 June, 2026",,
"BCP Qasimabad, Hyderabad",2.6,New,"Branch Imprest, Payments & Accounts",List of Common Supplier not Available in the Branch,L to M,BH,"04 June, 2026",,
"BCP Qasimabad, Hyderabad",2.7,New,"Recruitment, Payroll & Employee Record",Recoverable with respect to Excess Payments Made to Employees,High,RO,"04 June, 2026",,
"BCP Qasimabad, Hyderabad",2.8,New,"Recruitment, Payroll & Employee Record",Renewed Contract of Contractual Employee not Available,M to H,BH,"04 June, 2026",,
"BCP Qasimabad, Hyderabad",2.9,New,"Recruitment, Payroll & Employee Record",Leave Application not Raised by staff on BEAMS,M to H,BH,"04 June, 2026",,
"BCP Qasimabad, Hyderabad",2.10,New,"Recruitment, Payroll & Employee Record",Driver hired against the position of Life Guard,L to M,BH,"04 June, 2026",,
"BCP Qasimabad, Hyderabad",2.11,New,"Recruitment, Payroll & Employee Record",Employee Registered with Delay on Bio Metric Attendance Device,M to H,BH,"04 June, 2026",,
"BCP Qasimabad, Hyderabad",2.12,New,"Recruitment, Payroll & Employee Record",Un-Authorized Retention of Employee Record,L to M,RO,"04 June, 2026",,
"BCP Qasimabad, Hyderabad",2.13,New,Student Record,Security Refund Report Not Generated from ISM/BEAMS Student’s Module,L to M,BH,"04 June, 2026",,
"BCP Qasimabad, Hyderabad",2.14,New,Student Record,Original Cheques of Security Refund Found in the Branch,M to H,BH,"04 June, 2026",,
"BCP Qasimabad, Hyderabad",2.15,New,Fixed Assets,Un-Numbered Fixed Assets Found in Branch,L to M,RO,"04 June, 2026",,
"BCP Qasimabad, Hyderabad",2.16,New,Fixed Assets,Incorrect Classification of Asset in Fixed Asset Register,L to M,RO,"04 June, 2026",,
"BCP Qasimabad, Hyderabad",2.17,New,Fixed Assets,Fixed Assets Held in Branch for Disposal,L to M,BH,"04 June, 2026",,
"BCP Qasimabad, Hyderabad",2.18,New,Fixed Assets,Surplus Assets Found in Branch,L to M,BH,"04 June, 2026",,
"BCP Qasimabad, Hyderabad",2.19,New,Fixed Assets,Fixed Asset Codes/Tags not provided by RO,L to M,RO,"04 June, 2026",,
"BCP Qasimabad, Hyderabad",2.20,New,Library,Library Books not protected with Plastic Cover,L to M,BH,"04 June, 2026",,
"BCP Qasimabad, Hyderabad",2.21,New,Library,Unreadable Bar Code Labelling on Library Books,L to M,BH,"04 June, 2026",,
"BCP Qasimabad, Hyderabad",2.22,New,Library,UPS & Printer  not Available in Library,Low,BH,"04 June, 2026",,
"BCP Qasimabad, Hyderabad",2.23,New,Library,Outstanding Books Appearing on KOHA,M to H,BH,"04 June, 2026",,
"BCP Qasimabad, Hyderabad",2.24,New,Library,Library Books Recorded At Zero Cost,L to M,RO,"04 June, 2026",,
"BCP Qasimabad, Hyderabad",2.25,New,Library,File of Reminders not Maintained,Low,BH,"04 June, 2026",,
"BCP Qasimabad, Hyderabad",2.26,New,Library,Miscellaneous Observations - Library,L to M,BH,"04 June, 2026",,
"BCP Qasimabad, Hyderabad",2.27,New,Laboratory,Discrepancies in Biology Register,L to M,BH,"04 June, 2026",,
"BCP Qasimabad, Hyderabad",2.28,New,Laboratory,Difference in Quantities of Biology Lab Items,L to M,BH,"04 June, 2026",,
"BCP Qasimabad, Hyderabad",2.29,New,Laboratory,Discrepancies in Physics Register,L to M,BH,"04 June, 2026",,
"BCP Qasimabad, Hyderabad",2.30,New,Laboratory,Difference in Quantities of Physics Lab Items,L to M,BH,"04 June, 2026",,
"BCP Qasimabad, Hyderabad",2.31,New,Laboratory,Discrepancies in Chemistry Register,L to M,BH,"04 June, 2026",,
"BCP Qasimabad, Hyderabad",2.32,New,Laboratory,Difference in Quantities of Chemistry Lab Items,L to M,BH,"04 June, 2026",,
"BCP Qasimabad, Hyderabad",2.33,New,Laboratory,AIDN and Repairable Lab Items Found,L to M,BH,"04 June, 2026",,
"BCP Qasimabad, Hyderabad",2.34,New,Safety & Security,Backup CCTV Camera not Provided by IT Solution,M to H,RO,"04 June, 2026",,
"BCP Qasimabad, Hyderabad",2.35,New,Safety & Security,Poor Service by CCTV Camera Vendor - IT Solution,M to H,RO,"04 June, 2026",,
"BCP Qasimabad, Hyderabad",2.36,New,Safety & Security,Lack of CCTV Coverage,High,RO,"04 June, 2026",,
"BCP Qasimabad, Hyderabad",2.37,New,Safety & Security,Security Control Room,M to H,RO,"04 June, 2026",,
"BCP Qasimabad, Hyderabad",2.38,New,Safety & Security,Annual Firing Practice of SSS,M to H,RO,"04 June, 2026",,
"BCP Qasimabad, Hyderabad",2.39,New,Safety & Security,Quarterly Firing Practices of ASGs not in Practice,M to H,RO,"04 June, 2026",,
"BCP Qasimabad, Hyderabad",2.40,New,Safety & Security,Discrepancies in HOTO Documents of SSS,M to H,RO,"04 June, 2026",,
"BCP Qasimabad, Hyderabad",2.41,New,Safety & Security,Malfunctioning of Important Security Equipments,M to H,RO,"04 June, 2026",,
"BCP Qasimabad, Hyderabad",2.42,New,Safety & Security,Important Security Equipments not Available,High,RO,"04 June, 2026",,
"BCP Qasimabad, Hyderabad",2.43,New,Safety & Security,Security Wire Installed on Boundary Wall,High,RO,"04 June, 2026",,
"BCP Qasimabad, Hyderabad",2.44,New,Safety & Security,Emergency Exit Stairs,M to H,RO,"04 June, 2026",,
"BCP Qasimabad, Hyderabad",2.45,New,Safety & Security,Incident Record not Maintained by SSS,M to H,RO,"04 June, 2026",,
"BCP Qasimabad, Hyderabad",2.46,New,Safety & Security,Expired Weapon Licenses,M to H,RO,"04 June, 2026",,
"BCP Qasimabad, Hyderabad",2.47,New,Safety & Security,Main Boundary Wall of School Premises,M to H,RO,"04 June, 2026",,
"BCP Qasimabad, Hyderabad",2.48,New,Safety & Security,Electricity Wire Poorly Installed,High,RO,"04 June, 2026",,
"BCP Qasimabad, Hyderabad",2.49,New,Safety & Security,Electricity and Camera Wires Hanging Outside the Premises,M to H,RO,"04 June, 2026",,
"BCP Qasimabad, Hyderabad",2.50,New,Safety & Security,Camera Wires Installed along with Electricity Wires,M to H,RO,"04 June, 2026",,
"BCP Qasimabad, Hyderabad",2.51,New,Others,Validated Paint Area Measurements not Available,L to M,RO,"04 June, 2026",,
"BCP Qasimabad, Hyderabad",2.52,New,Others,Construction Issues Noted in New Block,High,RO,"04 June, 2026",,
"BCP Qasimabad, Hyderabad",2.53,New,Others,Canteen and Photocopier Electric Appliances on School Meter,M to H,BH,"04 June, 2026",,
"BCP Qasimabad, Hyderabad",2.54,New,Others,Difference in Quantities of Sports Items,L to M,BH,"04 June, 2026",,
"BCP Qasimabad, Hyderabad",2.55,New,Others,AIDN Sports Items,Low,BH,"04 June, 2026",,
"BCP Qasimabad, Hyderabad",2.56,New,Others,Surplus Sports Items Found in Branch,Low,BH,"04 June, 2026",,
"BCP Qasimabad, Hyderabad",2.57,New,Others,Discrepancies in Conservancy Items Register,Low,BH,"04 June, 2026",,
"BCP Qasimabad, Hyderabad",2.58,New,Others,Discrepancies in Pool Stock Register,Low,BH,"04 June, 2026",,
"BCP Qasimabad, Hyderabad",2.59,New,Others,Discrepancies in Consumable Stationery Register,Low,BH,"04 June, 2026",,
"BCP Qasimabad, Hyderabad",2.60,New,Others,Record of Music Items,L to M,BH,"04 June, 2026",,
"BCP Qasimabad, Hyderabad",2.61,New,Others,Out of Order/Repairable Music Items,L to M,BH,"04 June, 2026",,
"BCP Qasimabad, Hyderabad",2.62,New,Others,Discrepancies noted in Photocopy Record,M to H,BH,"04 June, 2026",,
"BCP Qasimabad, Hyderabad",2.63,New,Others,Excess Printed Stationery,Low,BH,"04 June, 2026",,
"Cambridge Branch North Nazimabad Block-F, Karachi",1.1,Repeated,"Branch Imprest, Payments & Accounts",Delay in Claiming Reimbursement against Expenses,L to M,BH,"30 July, 2025",,
"Cambridge Branch North Nazimabad Block-F, Karachi",1.2,Repeated,"Branch Imprest, Payments & Accounts",Delay in Reimbursements by RO 1.2,L to M,RO,"30 July, 2025",,
"Cambridge Branch North Nazimabad Block-F, Karachi",1.3,Repeated,"Branch Imprest, Payments & Accounts",Deficiencies in Vendors Register Applications (VRA),M to H,BH,"30 July, 2025",,
"Cambridge Branch North Nazimabad Block-F, Karachi",1.4,Repeated,"Recruitment, Payroll & Employee Record",Short Office Hours of Teaching Staff,L to M,BH,"30 July, 2025",,
"Cambridge Branch North Nazimabad Block-F, Karachi",1.5,Repeated,"Recruitment, Payroll & Employee Record",Employees Record of Social Security not Available,L to M,RO,"30 July, 2025",,
"Cambridge Branch North Nazimabad Block-F, Karachi",1.6,Repeated,"Recruitment, Payroll & Employee Record",Delay in Finalization of Final Settlement Cases,L to M,RO,"30 July, 2025",,
"Cambridge Branch North Nazimabad Block-F, Karachi",1.7,Repeated,"Recruitment, Payroll & Employee Record",Outgoing Attendance not Marked by Staff,L to M,BH,"30 July, 2025",,
"Cambridge Branch North Nazimabad Block-F, Karachi",1.8,Repeated,Student Record,Student Registration/Admission Forms Incomplete,M to H,BH,"30 July, 2025",,
"Cambridge Branch North Nazimabad Block-F, Karachi",1.9,Repeated,Student Record,Incomplete Student Files,L to M,BH,"30 July, 2025",,
"Cambridge Branch North Nazimabad Block-F, Karachi",1.10,Repeated,Student Record,Delay in Deposit of Student Registration Fee,M to H,BH,"30 July, 2025",,
"Cambridge Branch North Nazimabad Block-F, Karachi",1.11,Repeated,Fixed Assets,Fixed Asset Codes/Tags not provided by RO,L to M,RO,"30 July, 2025",,
"Cambridge Branch North Nazimabad Block-F, Karachi",1.12,Repeated,Fixed Assets,Out of Order Assets Found in Branch,L to M,BH,"30 July, 2025",,
"Cambridge Branch North Nazimabad Block-F, Karachi",1.13,Repeated,Fixed Assets,Fixed Assets Held in Branch for Disposal,L to M,BH,"30 July, 2025",,
"Cambridge Branch North Nazimabad Block-F, Karachi",1.14,Repeated,Fixed Assets,Surplus Assets Found in Branch,M to H,BH,"30 July, 2025",,
"Cambridge Branch North Nazimabad Block-F, Karachi",1.15,Repeated,Fixed Assets,Memorandum Record of Fixed Assets not Maintained Properly,Low,BH,"30 July, 2025",,
"Cambridge Branch North Nazimabad Block-F, Karachi",1.16,Repeated,Fixed Assets,Aspects of Assets Not Mentioned in Fixed Asset Register,M to H,RO,"30 July, 2025",,
"Cambridge Branch North Nazimabad Block-F, Karachi",1.17,Repeated,Library,Incomplete Bar Code Labelling on Library Books,L to M,BH,"30 July, 2025",,
"Cambridge Branch North Nazimabad Block-F, Karachi",1.18,Repeated,Library,Library Books Found in Poor Condition,Low,BH,"30 July, 2025",,
"Cambridge Branch North Nazimabad Block-F, Karachi",1.19,Repeated,Library,Low Item per Child Book Ratio in Library,L to M,BH,"30 July, 2025",,
"Cambridge Branch North Nazimabad Block-F, Karachi",1.20,Repeated,Laboratory,Shortcomings in Science Laboratory Register,Low,BH,"30 July, 2025",,
"Cambridge Branch North Nazimabad Block-F, Karachi",1.21,Repeated,Others,Gate Passes Record Not Maintained Properly,L to M,BH,"30 July, 2025",,
"Cambridge Branch North Nazimabad Block-F, Karachi",1.22,Repeated,Others,Validated Total Paintable Area Measurement Not Available,L to M,BH,"30 July, 2025",,
"Cambridge Branch North Nazimabad Block-F, Karachi",1.23,Repeated,Others,Discrepancies in Other Stock Registers,Low,BH,"30 July, 2025",,
"Cambridge Branch North Nazimabad Block-F, Karachi",2.1,New,"Recruitment, Payroll & Employee Record",Leave Application not Raised by staff on BEAMS,L to M,BH,"30 July, 2025",,
"Cambridge Branch North Nazimabad Block-F, Karachi",2.2,New,"Recruitment, Payroll & Employee Record",Recoverable with respect to Excess Payments Made to Employees,M to H,RO,"30 July, 2025",,
"Cambridge Branch North Nazimabad Block-F, Karachi",2.3,New,"Recruitment, Payroll & Employee Record",Delay in Confirmation of Employees,L to M,RO,"30 July, 2025",,
"Cambridge Branch North Nazimabad Block-F, Karachi",2.4,New,Student Record,Incomplete Information of Students on BEAMS,L to M,BH,"30 July, 2025",,
"Cambridge Branch North Nazimabad Block-F, Karachi",2.5,New,Fixed Assets,Same Fixed Asset Code Assigned to Multiple Assets,L to M,RO,"30 July, 2025",,
"Cambridge Branch North Nazimabad Block-F, Karachi",2.6,New,Fixed Assets,Un-Numbered Fixed Assets Found in Branch,L to M,BH,"30 July, 2025",,
"Cambridge Branch North Nazimabad Block-F, Karachi",2.7,New,Fixed Assets,Sports Mattresses Found on Roof Top,L to M,BH,"30 July, 2025",,
"Cambridge Branch North Nazimabad Block-F, Karachi",2.8,New,Fixed Assets,Discrepancies in AIDN File,L to M,BH,"30 July, 2025",,
"Cambridge Branch North Nazimabad Block-F, Karachi",2.9,New,Library,Library Books Recorded at Zero Cost,L to M,RO,"30 July, 2025",,
"Cambridge Branch North Nazimabad Block-F, Karachi",2.10,New,Library,File of Reminders not Maintained,Low,BH,"30 July, 2025",,
"Cambridge Branch North Nazimabad Block-F, Karachi",2.11,New,Library,Library Books not protected with Plastic Cover,Low,BH,"30 July, 2025",,
"Cambridge Branch North Nazimabad Block-F, Karachi",2.12,New,Library,Tablets Found Out of Order/Without Screen Protector Sheets,L to M,BH,"30 July, 2025",,
"Cambridge Branch North Nazimabad Block-F, Karachi",2.13,New,Library,Minutes of Librarian Meeting file not Available,L to M,BH,"30 July, 2025",,
"Cambridge Branch North Nazimabad Block-F, Karachi",2.14,New,Library,Incomplete Data Entry in Library Module KOHA,L to M,BH,"30 July, 2025",,
"Cambridge Branch North Nazimabad Block-F, Karachi",2.15,New,Library,Insufficient Racks/Space for Display of Library Books,M to H,BH,"30 July, 2025",,
"Cambridge Branch North Nazimabad Block-F, Karachi",2.16,New,Library,Unlabelled Book Shelves,L to M,BH,"30 July, 2025",,
"Cambridge Branch North Nazimabad Block-F, Karachi",2.17,New,Library,Miscellaneous Observations - Library,L to M,BH,"30 July, 2025",,
"Cambridge Branch North Nazimabad Block-F, Karachi",2.18,New,Laboratory,General/Miscellaneous Observations - Laboratory,L to M,BH,"30 July, 2025",,
"Cambridge Branch North Nazimabad Block-F, Karachi",2.19,New,Laboratory,Difference in Quantities of Lab Items,L to M,BH,"30 July, 2025",,
"Cambridge Branch North Nazimabad Block-F, Karachi",2.20,New,Safety & Security,Recording Gaps with CCTV Cameras,M to H,RO,"30 July, 2025",,
"Cambridge Branch North Nazimabad Block-F, Karachi",2.21,New,Safety & Security,Annual Firing Practice of SSS not Conducted,M to H,RO,"30 July, 2025",,
"Cambridge Branch North Nazimabad Block-F, Karachi",2.22,New,Safety & Security,Quarterly Firing Practices of ASGs not in Practice,M to H,RO,"30 July, 2025",,
"Cambridge Branch North Nazimabad Block-F, Karachi",2.23,New,Safety & Security,Guards Provided by Security Company not as per the Age Limit Agreed under the Contract,L to M,RO,"30 July, 2025",,
"Cambridge Branch North Nazimabad Block-F, Karachi",2.24,New,Safety & Security,Lack of CCTV Coverage,M to H,RO,"30 July, 2025",,
"Cambridge Branch North Nazimabad Block-F, Karachi",2.25,New,Safety & Security,Important Security Equipment Out of Order,High,RO,"30 July, 2025",,
"Cambridge Branch North Nazimabad Block-F, Karachi",2.26,New,Safety & Security,Backup CCTV Camera not Provided by SSG,M to H,RO,"30 July, 2025",,
"Cambridge Branch North Nazimabad Block-F, Karachi",2.27,New,Safety & Security,CCTV Cameras not Functioning at Night Time,M to H,RO,"30 July, 2025",,
"Cambridge Branch North Nazimabad Block-F, Karachi",2.28,New,Safety & Security,Discrepancies in the Documents of Security Guards,L to M,RO,"30 July, 2025",,
"Cambridge Branch North Nazimabad Block-F, Karachi",2.29,New,Safety & Security,Miscellaneous Observations,M to H,RO,"30 July, 2025",,
"Cambridge Branch North Nazimabad Block-F, Karachi",2.30,New,Safety & Security,Replacement not Provided by Security Company,L to M,RO,"30 July, 2025",,
"Cambridge Branch North Nazimabad Block-F, Karachi",2.31,New,Others,Excess Printed Stationery,Low,BH,"30 July, 2025",,
